USSenate01-GREEN,US Senate (G)
USSenate01-GREEN-blankover-COUNT,3909,USSenate01-GREEN-blankover-PCT,76.5%
USSenate01-GREEN-candidate-01,Emma Jane Avila POHLMAN,USSenate01-GREEN-candidate-01-VOTE,1201,USSenate01-GREEN-candidate-01-PCT,23.5%
USSenate01-REPUB,US Senate (R)
USSenate01-REPUB-blankover-COUNT,7267,USSenate01-REPUB-blankover-PCT,13.9%
USSenate01-REPUB-candidate-01,Adriel C. LAM,USSenate01-REPUB-candidate-01-VOTE,6894,USSenate01-REPUB-candidate-01-PCT,13.2%
USSenate01-REPUB-candidate-02,Bob MCDERMOTT,USSenate01-REPUB-candidate-02-VOTE,23815,USSenate01-REPUB-candidate-02-PCT,45.5%
USSenate01-REPUB-candidate-03,Melba AMARAL,USSenate01-REPUB-candidate-03-VOTE,6275,USSenate01-REPUB-candidate-03-PCT,12.0%
USSenate01-REPUB-candidate-04,Paul DOLAN,USSenate01-REPUB-candidate-04-VOTE,3497,USSenate01-REPUB-candidate-04-PCT,6.7%
USSenate01-REPUB-candidate-05,Arturo P. REYES,USSenate01-REPUB-candidate-05-VOTE,2872,USSenate01-REPUB-candidate-05-PCT,5.5%
USSenate01-REPUB-candidate-06,Emmanuel TIPON,USSenate01-REPUB-candidate-06-VOTE,1768,USSenate01-REPUB-candidate-06-PCT,3.4%
USSenate01-DEM,US Senate (D)
USSenate01-DEM-blankover-COUNT,12010,USSenate01-DEM-blankover-PCT,6.4%
USSenate01-DEM-candidate-01,Mazie K. HIRONO,USSenate01-DEM-candidate-01-VOTE,160223,USSenate01-DEM-candidate-01-PCT,85.0%
USSenate01-DEM-candidate-02,Ron CURTIS,USSenate01-DEM-candidate-02-VOTE,12672,USSenate01-DEM-candidate-02-PCT,6.7%
USSenate01-DEM-candidate-03,Clyde McClain (Mac) LEWMAN,USSenate01-DEM-candidate-03-VOTE,3694,USSenate01-DEM-candidate-03-PCT,2.0%
USSenate01-NONP,US Senate (N)
USSenate01-NONP-blankover-COUNT,4629,USSenate01-NONP-blankover-PCT,84.3%
USSenate01-NONP-candidate-01,John (Raghu) GIUFFRE,USSenate01-NONP-candidate-01-VOTE,864,USSenate01-NONP-candidate-01-PCT,15.7%
USSenate01-WE,US Senate (We The People)
USSenate01-WE-blankover-COUNT,3286,USSenate01-WE-blankover-PCT,80.0%
USSenate01-WE-candidate-01,Shelby Pikachu BILLIONAIRE,USSenate01-WE-candidate-01-VOTE,824,USSenate01-WE-candidate-01-PCT,20.0%
USHouse01-REPUB,US House District 1 (R)
USHouse01-REPUB-blankover-COUNT,10574,USHouse01-REPUB-blankover-PCT,41.6%
USHouse01-REPUB-candidate-01,Patrick C. LARGEY,USHouse01-REPUB-candidate-01-VOTE,14845,USHouse01-REPUB-candidate-01-PCT,58.4%
USHouse01-DEM,US House District 1 (D)
USHouse01-DEM-blankover-COUNT,9742,USHouse01-DEM-blankover-PCT,10.3%
USHouse01-DEM-candidate-01,Ed CASE,USHouse01-DEM-candidate-01-VOTE,77842,USHouse01-DEM-candidate-01-PCT,82.6%
USHouse01-DEM-candidate-02,Cecil R. HALE,USHouse01-DEM-candidate-02-VOTE,6607,USHouse01-DEM-candidate-02-PCT,7.0%
USHouse01-NONP,US House District 1 (N)
USHouse01-NONP-blankover-COUNT,2383,USHouse01-NONP-blankover-PCT,86.5%
USHouse01-NONP-candidate-01,Calvin GRIFFIN,USHouse01-NONP-candidate-01-VOTE,371,USHouse01-NONP-candidate-01-PCT,13.5%
USHouse02-REPUB,US House District 2 (R)
USHouse02-REPUB-blankover-COUNT,10761,USHouse02-REPUB-blankover-PCT,40.3%
USHouse02-REPUB-candidate-01,Steve BOND,USHouse02-REPUB-candidate-01-VOTE,15970,USHouse02-REPUB-candidate-01-PCT,59.7%
USHouse02-DEM,US House District 2 (D)
USHouse02-DEM-blankover-COUNT,18260,USHouse02-DEM-blankover-PCT,19.3%
USHouse02-DEM-candidate-01,Jill N. TOKUDA,USHouse02-DEM-candidate-01-VOTE,76157,USHouse02-DEM-candidate-01-PCT,80.7%
USHouse02-NONP,US House District 2 (N)
USHouse02-NONP-blankover-COUNT,2694,USHouse02-NONP-blankover-PCT,83.7%
USHouse02-NONP-candidate-01,Randall Kelly MEYER,USHouse02-NONP-candidate-01-VOTE,525,USHouse02-NONP-candidate-01-PCT,16.3%
USHouse02-LIBER,US House District 2 (L)
USHouse02-LIBER-blankover-COUNT,1621,USHouse02-LIBER-blankover-PCT,83.8%
USHouse02-LIBER-candidate-01,Aaron TOMAN,USHouse02-LIBER-candidate-01-VOTE,313,USHouse02-LIBER-candidate-01-PCT,16.2%
StateHouse10-DEM,State House District 10 (D)
StateHouse10-DEM-blankover-COUNT,514,StateHouse10-DEM-blankover-PCT,12.1%
StateHouse10-DEM-candidate-01,Jeremiah SAVAGE,StateHouse10-DEM-candidate-01-VOTE,688,StateHouse10-DEM-candidate-01-PCT,16.2%
StateHouse10-DEM-candidate-02,Tyson K. MIYAKE,StateHouse10-DEM-candidate-02-VOTE,3045,StateHouse10-DEM-candidate-02-PCT,71.7%
StateHouse13-REPUB,State House District 13 (R)
StateHouse13-REPUB-blankover-COUNT,271,StateHouse13-REPUB-blankover-PCT,39.2%
StateHouse13-REPUB-candidate-01,Scott ADAM,StateHouse13-REPUB-candidate-01-VOTE,421,StateHouse13-REPUB-candidate-01-PCT,60.8%
StateHouse13-DEM,State House District 13 (D)
StateHouse13-DEM-blankover-COUNT,482,StateHouse13-DEM-blankover-PCT,14.8%
StateHouse13-DEM-candidate-01,Mahina POEPOE,StateHouse13-DEM-candidate-01-VOTE,2115,StateHouse13-DEM-candidate-01-PCT,65.1%
StateHouse13-DEM-candidate-02,Linda Ha'i CLARK,StateHouse13-DEM-candidate-02-VOTE,651,StateHouse13-DEM-candidate-02-PCT,20.0%
StateHouse14-REPUB,State House District 14 (R)
StateHouse14-REPUB-blankover-COUNT,215,StateHouse14-REPUB-blankover-PCT,30.3%
StateHouse14-REPUB-candidate-01,Kelly J. ARMSTRONG,StateHouse14-REPUB-candidate-01-VOTE,494,StateHouse14-REPUB-candidate-01-PCT,69.7%
StateHouse14-DEM,State House District 14 (D)
StateHouse14-DEM-blankover-COUNT,308,StateHouse14-DEM-blankover-PCT,15.0%
StateHouse14-DEM-candidate-01,Elle COCHRAN,StateHouse14-DEM-candidate-01-VOTE,1173,StateHouse14-DEM-candidate-01-PCT,57.2%
StateHouse14-DEM-candidate-02,Kanamu BALINBIN,StateHouse14-DEM-candidate-02-VOTE,571,StateHouse14-DEM-candidate-02-PCT,27.8%
OHA-HAWAII,OHA - Hawaii Island
OHA-HAWAII-blankover-COUNT,117014,OHA-HAWAII-blankover-PCT,48.4%
OHA-HAWAII-candidate-01,Z. Ka'apana AKI,OHA-HAWAII-candidate-01-VOTE,30259,OHA-HAWAII-candidate-01-PCT,12.5%
OHA-HAWAII-candidate-02,Kaiali'i KAHELE,OHA-HAWAII-candidate-02-VOTE,70900,OHA-HAWAII-candidate-02-PCT,29.3%
OHA-HAWAII-candidate-03,Hope Alohalani CERMELJ,OHA-HAWAII-candidate-03-VOTE,13538,OHA-HAWAII-candidate-03-PCT,5.6%
OHA-HAWAII-candidate-04,Hulali WALTJEN-KUILIPULE,OHA-HAWAII-candidate-04-VOTE,9857,OHA-HAWAII-candidate-04-PCT,4.1%
OHA-MOLOKAI,OHA - Molokai
OHA-MOLOKAI-blankover-COUNT,140858,OHA-MOLOKAI-blankover-PCT,58.3%
OHA-MOLOKAI-candidate-01,Luana ALAPA,OHA-MOLOKAI-candidate-01-VOTE,49461,OHA-MOLOKAI-candidate-01-PCT,20.5%
OHA-MOLOKAI-candidate-02,Lu Ann LANKFORD-FABORITO,OHA-MOLOKAI-candidate-02-VOTE,10955,OHA-MOLOKAI-candidate-02-PCT,4.5%
OHA-MOLOKAI-candidate-03,Gayla HALINIAK,OHA-MOLOKAI-candidate-03-VOTE,10291,OHA-MOLOKAI-candidate-03-PCT,4.3%
OHA-MOLOKAI-candidate-04,R. Kunani NIHIPALI,OHA-MOLOKAI-candidate-04-VOTE,30003,OHA-MOLOKAI-candidate-04-PCT,12.4%
OHA-ATLARGE,OHA - At Large
OHA-ATLARGE-blankover-COUNT,106594,OHA-ATLARGE-blankover-PCT,44.1%
OHA-ATLARGE-candidate-01,Lei AHU ISA,OHA-ATLARGE-candidate-01-VOTE,28398,OHA-ATLARGE-candidate-01-PCT,11.8%
OHA-ATLARGE-candidate-02,Brendon Kalei'aina LEE,OHA-ATLARGE-candidate-02-VOTE,16542,OHA-ATLARGE-candidate-02-PCT,6.8%
OHA-ATLARGE-candidate-03,Keli'i AKINA,OHA-ATLARGE-candidate-03-VOTE,35198,OHA-ATLARGE-candidate-03-PCT,14.6%
OHA-ATLARGE-candidate-04,Peter APO,OHA-ATLARGE-candidate-04-VOTE,24703,OHA-ATLARGE-candidate-04-PCT,10.2%
OHA-ATLARGE-candidate-05,Patty KAHANAMOKU-TERUYA,OHA-ATLARGE-candidate-05-VOTE,15376,OHA-ATLARGE-candidate-05-PCT,6.4%
OHA-ATLARGE-candidate-06,Leona M. KALIMA,OHA-ATLARGE-candidate-06-VOTE,10065,OHA-ATLARGE-candidate-06-PCT,4.2%
OHA-ATLARGE-candidate-07,Larry KAWAAUHAU,OHA-ATLARGE-candidate-07-VOTE,4692,OHA-ATLARGE-candidate-07-PCT,1.9%
Council-SOUTHMAUI,County Council - S Maui
Council-SOUTHMAUI-blankover-COUNT,3521,Council-SOUTHMAUI-blankover-PCT,14.2%
Council-SOUTHMAUI-candidate-01,Tom COOK,Council-SOUTHMAUI-candidate-01-VOTE,10136,Council-SOUTHMAUI-candidate-01-PCT,40.7%
Council-SOUTHMAUI-candidate-02,Kelly Takaya KING,Council-SOUTHMAUI-candidate-02-VOTE,9911,Council-SOUTHMAUI-candidate-02-PCT,39.8%
Council-SOUTHMAUI-candidate-03,Johnny Keoni PRONES,Council-SOUTHMAUI-candidate-03-VOTE,1307,Council-SOUTHMAUI-candidate-03-PCT,5.3%
Council-UPCOUNTRY,County Council - Upcountry
Council-UPCOUNTRY-blankover-COUNT,4027,Council-UPCOUNTRY-blankover-PCT,16.2%
Council-UPCOUNTRY-candidate-01,Jocelyn N. CRUZ,Council-UPCOUNTRY-candidate-01-VOTE,4253,Council-UPCOUNTRY-candidate-01-PCT,17.1%
Council-UPCOUNTRY-candidate-02,Yuki Lei Kashiwa SUGIMURA,Council-UPCOUNTRY-candidate-02-VOTE,14741,Council-UPCOUNTRY-candidate-02-PCT,59.3%
Council-UPCOUNTRY-candidate-03,Edward (Ed) CODELIA,Council-UPCOUNTRY-candidate-03-VOTE,1854,Council-UPCOUNTRY-candidate-03-PCT,7.5%
