President,,,,,,,,,
President-candidate01,,President-candidate01-PCT,,President-candidate01-VOTE,,,,,
President-candidate02,,President-candidate02-PCT,,President-candidate02-VOTE,,,,,
President-candidate03,,President-candidate03-PCT,,President-candidate03-VOTE,,,,,
President-candidate04,,President-candidate04-PCT,,President-candidate04-VOTE,,,,,
President-candidate05,,President-candidate05-PCT,,President-candidate05-VOTE,,,,,
President-candidate06,,President-candidate06-PCT,,President-candidate06-VOTE,,,,,
,,President-blankover-PCT,,President-blankover-VOTE,,,,,
,,,,,,,,,
USSenate01,US Senate,,,,,,,,
USSenate01-candidate01,,USSenate01-candidate01-PCT,,USSenate01-candidate01-VOTE,,,,,
USSenate01-candidate02,,USSenate01-candidate02-PCT,,USSenate01-candidate02-VOTE,,,,,
USSenate01-candidate03,,USSenate01-candidate03-PCT,,USSenate01-candidate03-VOTE,,,,,
USSenate01-candidate04,,USSenate01-candidate04-PCT,,USSenate01-candidate04-VOTE,,,,,
,,USSenate01-blankover-PCT,,USSenate01-blankover-VOTE,,,,,
,,,,,,,,,
USRep01,US Representative District 1,,,,,,,,
USRep01-candidate01,,USRep01-candidate01-PCT,,USRep01-candidate01-VOTE,,,,,
USRep01-candidate02,,USRep01-candidate02-PCT,,USRep01-candidate02-VOTE,,,,,
,,USRep01-blankover-PCT,,USRep01-blankover-VOTE,,,,,
,,,,,,,,,
USRep02,US Representative District 2,,,,,,,,
USRep02-candidate01,,USRep02-candidate01-PCT,,USRep02-candidate01-VOTE,,,,,
USRep02-candidate02,,USRep02-candidate02-PCT,,USRep02-candidate02-VOTE,,,,,
USRep02-candidate03,,USRep02-candidate03-PCT,,USRep02-candidate03-VOTE,,,,,
USRep02-candidate04,,USRep02-candidate04-PCT,,USRep02-candidate04-VOTE,,,,,
,,USRep02-blankover-PCT,,USRep02-blankover-VOTE,,,,,
,,,,,,,,,
HISenate06,State Senator District 6,,,,,,,,
HISenate06-candidate01,,HISenate06-candidate01-PCT,,HISenate06-candidate01-VOTE,,,,,
HISenate06-candidate02,,HISenate06-candidate02-PCT,,HISenate06-candidate02-VOTE,,,,,
,,HISenate06-blankover-PCT,,HISenate06-blankover-VOTE,,,,,
,,,,,,,,,
HISenate07,State Senator District 7,,,,,,,,
HISenate07-candidate01,,HISenate07-candidate01-PCT,,HISenate07-candidate01-VOTE,,,,,
HISenate07-candidate02,,HISenate07-candidate02-PCT,,HISenate07-candidate02-VOTE,,,,,
,,HISenate07-blankover-PCT,,HISenate07-blankover-VOTE,,,,,
,,,,,,,,,
HIRep11,State Representative District 11,,,,,,,,
HIRep11-candidate01,,HIRep11-candidate01-PCT,,HIRep11-candidate01-VOTE,,,,,
HIRep11-candidate02,,HIRep11-candidate02-PCT,,HIRep11-candidate02-VOTE,,,,,
,,HIRep11-blankover-PCT,,HIRep11-blankover-VOTE,,,,,
,,,,,,,,,
HIRep12,State Representative District 12,,,,,,,,
HIRep12-candidate01,,HIRep12-candidate01-PCT,,HIRep12-candidate01-VOTE,,,,,
HIRep12-candidate02,,HIRep12-candidate02-PCT,,HIRep12-candidate02-VOTE,,,,,
HIRep12-candidate03,,HIRep12-candidate03-PCT,,HIRep12-candidate03-VOTE,,,,,
,,HIRep12-blankover-PCT,,HIRep12-blankover-VOTE,,,,,
,,,,,,,,,
HIRep13,State Representative District 13,,,,,,,,
HIRep13-candidate01,,HIRep13-candidate01-PCT,,HIRep13-candidate01-VOTE,,,,,
HIRep13-candidate02,,HIRep13-candidate02-PCT,,HIRep13-candidate02-VOTE,,,,,
,,HIRep13-blankover-PCT,,HIRep13-blankover-VOTE,,,,,
,,,,,,,,,
HIRep14,State Representative District 14,,,,,,,,
HIRep14-candidate01,,HIRep14-candidate01-PCT,,HIRep14-candidate01-VOTE,,,,,
HIRep14-candidate02,,HIRep14-candidate02-PCT,,HIRep14-candidate02-VOTE,,,,,
,,HIRep14-blankover-PCT,,HIRep14-blankover-VOTE,,,,,
,,,,,,,,,
OHA-Molokai,OHA Molokai Trustee,,,,,,,,
OHA-Molokai-candidate01,,OHA-Molokai-candidate01-PCT,,OHA-Molokai-candidate01-VOTE,,,,,
OHA-Molokai-candidate02,,OHA-Molokai-candidate02-PCT,,OHA-Molokai-candidate02-VOTE,,,,,
,,OHA-Molokai-blankover-PCT,,OHA-Molokai-blankover-VOTE,,,,,
,,,,,,,,,
OHA-Kauai,OHA Kauai Trustee,,,,,,,,
OHA-Kauai-candidate01,,OHA-Kauai-candidate01-PCT,,OHA-Kauai-candidate01-VOTE,,,,,
OHA-Kauai-candidate02,,OHA-Kauai-candidate02-PCT,,OHA-Kauai-candidate02-VOTE,,,,,
,,OHA-Kauai-blankover-PCT,,OHA-Kauai-blankover-VOTE,,,,,
,,,,,,,,,
OHA-AtLarge,OHA At-Large Trustee,,,,,,,,
OHA-AtLarge-candidate01,,OHA-AtLarge-candidate01-PCT,,OHA-AtLarge-candidate01-VOTE,,,,,
OHA-AtLarge-candidate02,,OHA-AtLarge-candidate02-PCT,,OHA-AtLarge-candidate02-VOTE,,,,,
,,OHA-AtLarge-blankover-PCT,,OHA-AtLarge-blankover-VOTE,,,,,
,,,,,,,,,
Council-EM,Maui County Council - East Maui,,,,,,,,
Council-EM-candidate01,,Council-EM-candidate01-PCT,,Council-EM-candidate01-VOTE,,,,,
,,Council-EM-blankover-PCT,,Council-EM-blankover-VOTE,,,,,
,,,,,,,,,
Council-WM,Maui County Council - West Maui,,,,,,,,
Council-WM-candidate01,,Council-WM-candidate01-PCT,,Council-WM-candidate01-VOTE,,,,,
Council-WM-candidate02,,Council-WM-candidate02-PCT,,Council-WM-candidate02-VOTE,,,,,
,,Council-WM-blankover-PCT,,Council-WM-blankover-VOTE,,,,,
,,,,,,,,,
Council-WWW,Maui County Council - Wailuku Waihee Waikapu,,,,,,,,
Council-WWW-candidate01,,Council-WWW-candidate01-PCT,,Council-WWW-candidate01-VOTE,,,,,
Council-WWW-candidate02,,Council-WWW-candidate02-PCT,,Council-WWW-candidate02-VOTE,,,,,
,,Council-WWW-blankover-PCT,,Council-WWW-blankover-VOTE,,,,,
,,,,,,,,,
Council-KAH,Maui County Council - Kahului,,,,,,,,
Council-KAH-candidate01,,Council-KAH-candidate01-PCT,,Council-KAH-candidate01-VOTE,,,,,
Council-KAH-candidate02,,Council-KAH-candidate02-PCT,,Council-KAH-candidate02-VOTE,,,,,
,,Council-KAH-blankover-PCT,,Council-KAH-blankover-VOTE,,,,,
,,,,,,,,,
Council-SM,Maui County Council - South Maui,,,,,,,,
Council-SM-candidate01,,Council-SM-candidate01-PCT,,Council-SM-candidate01-VOTE,,,,,
Council-SM-candidate02,,Council-SM-candidate02-PCT,,Council-SM-candidate02-VOTE,,,,,
,,Council-SM-blankover-PCT,,Council-SM-blankover-VOTE,,,,,
,,,,,,,,,
Council-MHP,Maui County Council - Makawao Haiku Paia,,,,,,,,
Council-MHP-candidate01,,Council-MHP-candidate01-PCT,,Council-MHP-candidate01-VOTE,,,,,
Council-MHP-candidate02,,Council-MHP-candidate02-PCT,,Council-MHP-candidate02-VOTE,,,,,
,,Council-MHP-blankover-PCT,,Council-MHP-blankover-VOTE,,,,,
,,,,,,,,,
Council-UP,Maui County Council - Upcountry,,,,,,,,
Council-UP-candidate01,,Council-UP-candidate01-PCT,,Council-UP-candidate01-VOTE,,,,,
Council-UP-candidate02,,Council-UP-candidate02-PCT,,Council-UP-candidate02-VOTE,,,,,
,,Council-UP-blankover-PCT,,Council-UP-blankover-VOTE,,,,,
,,,,,,,,,
Council-LAN,Maui County Council - Lanai,,,,,,,,
Council-LAN-candidate01,,Council-LAN-candidate01-PCT,,Council-LAN-candidate01-VOTE,,,,,
,,Council-LAN-blankover-PCT,,Council-LAN-blankover-VOTE,,,,,
,,,,,,,,,
Council-MOL,Maui County Council - Molokai,,,,,,,,
Council-MOL-candidate01,,Council-MOL-candidate01-PCT,,Council-MOL-candidate01-VOTE,,,,,
Council-MOL-candidate02,,Council-MOL-candidate02-PCT,,Council-MOL-candidate02-VOTE,,,,,
,,Council-MOL-blankover-PCT,,Council-MOL-blankover-VOTE,,,,,
,,,,,,,,,
HIamend01,Amendment 1 - Hawaii State Constitution,,,,,,,,
HIamend01-q,Shall the state constitution be amended to repeal the legislature's authority to reserve marriage to opposite-sex couples?,,,,,,,,
HIamend01-a1,,HIamend01-a1-PCT,,HIamend01-a1-VOTE,,,,,
HIamend01-a2,,HIamend01-a2-PCT,,HIamend01-a2-VOTE,,,,,
,,HIamend01-blankover-PCT,,HIamend01-blankover-VOTE,,,,,
,,,,,,,,,
HIamend02,Amendment 2 - Hawaii State Constitution,,,,,,,,
HIamend02-q,Shall the Constitution of the State of Hawaii be amended to make the appointment and confirmation process for district court judges the same as the appointment and confirmation process for supreme court justices and intermediate court of appeals and circuit court judges?,,,,,,,,
HIamend02-a1,,HIamend02-a1-PCT,,HIamend02-a1-VOTE,,,,,
HIamend02-a2,,HIamend02-a2-PCT,,HIamend02-a2-VOTE,,,,,
,,HIamend02-blankover-PCT,,HIamend02-blankover-VOTE,,,,,
,,,,,,,,,
MAUIamend01,Amendment 1 - Maui County Charter,,,,,,,,
MAUIamend01-q,Shall the Charter be amended to require the Salary Commission to determine “salaries” instead of “compensation” for elected officials and appointed directors and deputy directors to maintain consistency with the Constitution of the State of Hawaii and remove fiscal barriers to create equity through benefits such as reimbursement of travel costs?,,,,,,,,
MAUIamend01-a1,,MAUIamend01-a1-PCT,,MAUIamend01-a1-VOTE,,,,,
MAUIamend01-a2,,MAUIamend01-a2-PCT,,MAUIamend01-a2-VOTE,,,,,
,,MAUIamend01-blankover-PCT,,MAUIamend01-blankover-VOTE,,,,,
,,,,,,,,,
MAUIamend02,Amendment 2 - Maui County Charter,,,,,,,,
MAUIamend02-q,"Shall the Charter be amended, effective July 1, 2025, to authorize the Board of Ethics of the County of Maui to hire independent staff?",,,,,,,,
MAUIamend02-a1,,MAUIamend02-a1-PCT,,MAUIamend02-a1-VOTE,,,,,
MAUIamend02-a2,,MAUIamend02-a2-PCT,,MAUIamend02-a2-VOTE,,,,,
,,MAUIamend02-blankover-PCT,,MAUIamend02-blankover-VOTE,,,,,
,,,,,,,,,
MAUIamend03,Amendment 3 - Maui County Charter,,,,,,,,
MAUIamend03-q,"Shall the Charter be amended, effective July 1, 2025, to minimize the risk of vacancies on boards and commissions generally, and specifically with regard to dedicated seats for members residing in less populous areas, by allowing the appointment of members of boards and commissions for two consecutive full terms or ten consecutive years, whichever is greater?",,,,,,,,
MAUIamend03-a1,,MAUIamend03-a1-PCT,,MAUIamend03-a1-VOTE,,,,,
MAUIamend03-a2,,MAUIamend03-a2-PCT,,MAUIamend03-a2-VOTE,,,,,
,,MAUIamend03-blankover-PCT,,MAUIamend03-blankover-VOTE,,,,,
,,,,,,,,,
USHouseTotal,US House of Representatives,,,,,,,,
USHouseTotal-R,,,,,,,,,
USHouseTotal-D,,,,,,,,,
USHouseUnknown,,,,,,,,,
,,,,,,,,,
USSenateTotal,US Senate,,,,,,,,
USSenateTotal-R,,,,,,,,,
USSenateTotal-D,,,,,,,,,
USSenateUnknown,,,,,,,,,
,,,,,,,,,
,,,,,,,,,
,,,,,,,,,
,,,,,,,,,
,,,,,,,,,
,,,,,,,,,
,,,,,,,,,
,,,,,,,,,
,,,,,,,,,
,,,,,,,,,
,,,,,,,,,
,,,,,,,,,
,,,,,,,,,
,,,,,,,,,
,,,,,,,,,
,,,,,,,,,
,,,,,,,,,
,,,,,,,,,
,,,,,,,,,
,,,,,,,,,
,,,,,,,,,
,,,,,,,,,
,,,,,,,,,
,,,,,,,,,
,,,,,,,,,
,,,,,,,,,
,,,,,,,,,
,,,,,,,,,
,,,,,,,,,
,,,,,,,,,
,,,,,,,,,
,,,,,,,,,
,,,,,,,,,
,,,,,,,,,
,,,,,,,,,
,,,,,,,,,
,,,,,,,,,
,,,,,,,,,
,,,,,,,,,