#Contest ID,Contest Title,Contest Seq Nbr,Contest Type,Contest Party,Mail Blank Votes,In-Person Blank Votes,Mail Over Votes,In-Person Over Votes,Mail Invalid Votes,In-Person Invalid Votes,Registered Voters,Total Precincts,Counted Precincts,Candidate ID,Candidate Name,Candidate Seq Nbr,Candidate Party,Mail Votes,In-Person Votes,Total Votes
"283","President and Vice President","1","OF",,"11","4","18","2","0","0","0","497","0","7","(SL) DE LA CRUZ, Claudia 
For PRESIDENT
GARCIA, Karina 
For VICE PRESIDENT","1",,"41","13","54",
"283","President and Vice President","1","OF",,"11","4","18","2","0","0","0","497","0","1","(D) HARRIS, Kamala D. 
For PRESIDENT
WALZ, Tim 
For VICE PRESIDENT","2",,"114","45","159",
"283","President and Vice President","1","OF",,"11","4","18","2","0","0","0","497","0","5","(L) OLIVER, Chase 
For PRESIDENT
TER MAAT, Mike 
For VICE PRESIDENT","3",,"29","8","37",
"283","President and Vice President","1","OF",,"11","4","18","2","0","0","0","497","0","6","(S) SONSKI, Peter 
For PRESIDENT
ONAK, Lauren
For VICE PRESIDENT","4",,"33","8","41",
"283","President and Vice President","1","OF",,"11","4","18","2","0","0","0","497","0","3","(G) STEIN, Jill 
For PRESIDENT
WARE, Rudolph
For VICE PRESIDENT","5",,"40","7","47",
"283","President and Vice President","1","OF",,"11","4","18","2","0","0","0","497","0","2","(R) TRUMP, Donald J. 
For PRESIDENT
VANCE, JD 
For VICE PRESIDENT","6",,"96","45","141",
"100","U.S. Senator","2","OF",,"13","5","21","2","0","0","0","496","0","3","(W) BILLIONAIRE, Shelby Pikachu","1",,"54","14","68",
"100","U.S. Senator","2","OF",,"13","5","21","2","0","0","0","496","0","2","(D) HIRONO, Mazie K.","2",,"130","50","180",
"100","U.S. Senator","2","OF",,"13","5","21","2","0","0","0","496","0","4","(R) MCDERMOTT, Bob","3",,"90","47","137",
"100","U.S. Senator","2","OF",,"13","5","21","2","0","0","0","496","0","1","(G) POHLMAN, Emma Jane Avila","4",,"49","14","63",
"3","U.S. Representative, Dist I","3","OF",,"25","2","10","2","0","0","0","223","0","1","(D) CASE, Ed","1",,"95","9","104",
"3","U.S. Representative, Dist I","3","OF",,"25","2","10","2","0","0","0","223","0","2","(R) LARGEY, Patrick C.","2",,"85","27","112",
"70","U.S. Representative, Dist II","4","OF",,"7","1","6","0","0","0","0","273","0","3","(R) BOND, Steve","1",,"28","19","47",
"70","U.S. Representative, Dist II","4","OF",,"7","1","6","0","0","0","0","273","0","4","(N) MEYER, Randall Kelly","2",,"11","12","23",
"70","U.S. Representative, Dist II","4","OF",,"7","1","6","0","0","0","0","273","0","2","(D) TOKUDA, Jill N.","3",,"73","50","123",
"70","U.S. Representative, Dist II","4","OF",,"7","1","6","0","0","0","0","273","0","1","(L) TOMAN, Aaron","4",,"17","10","27",
"284","State Senator, Dist 3","5","OF",,"0","1","0","0","0","0","0","20","0","2","(D) KANUHA, Dru Mamo","1",,"2","11","13",
"284","State Senator, Dist 3","5","OF",,"0","1","0","0","0","0","0","20","0","1","(R) SULLIVAN, Kurt (Sulli)","2",,"6","8","14",
"10","State Senator, Dist 6","6","OF",,"0","0","0","0","0","0","0","22","0","1","(D) MCKELVEY, Angus L.K.","1",,"2","10","12",
"10","State Senator, Dist 6","6","OF",,"0","0","0","0","0","0","0","22","0","2","(R) WALKER, Sheila","2",,"1","0","1",
"213","State Senator, Dist 7","7","OF",,"0","0","0","0","0","0","0","26","0","1","(D) DECOITE, Lynn Pualani","1",,"2","8","10",
"213","State Senator, Dist 7","7","OF",,"0","0","0","0","0","0","0","26","0","2","(R) MACARAEG, Gabby","2",,"2","2","4",
"233","State Senator, Dist 12","8","OF",,"0","0","0","0","0","0","0","14","0","2","(R) DABBS, Shotaro","1",,"0","10","10",
"233","State Senator, Dist 12","8","OF",,"0","0","0","0","0","0","0","14","0","1","(D) MORIWAKI, Sharon Y.","2",,"0","0","0",
"189","State Senator, Dist 16","9","OF",,"0","0","0","0","0","0","0","16","0","1","(R) BEEKMAN, Pat","1",,"0","0","0",
"189","State Senator, Dist 16","9","OF",,"0","0","0","0","0","0","0","16","0","2","(D) ELEFANTE, Brandon","2",,"0","0","0",
"15","State Senator, Dist 18","10","OF",,"0","1","0","1","0","0","0","22","0","1","(D) KIDANI, Michelle N.","1",,"0","4","4",
"15","State Senator, Dist 18","10","OF",,"0","1","0","1","0","0","0","22","0","2","(R) SVRCINA, Emil","2",,"0","4","4",
"75","State Senator, Dist 22","11","OF",,"0","0","0","0","0","0","0","16","0","2","(R) DECORTE, Samantha","1",,"0","0","0",
"75","State Senator, Dist 22","11","OF",,"0","0","0","0","0","0","0","16","0","1","(D) GATES, Cedric Asuega","2",,"0","0","0",
"76","State Senator, Dist 23","12","OF",,"5","0","1","0","0","0","0","24","0","2","(R) AWA, Brenton","1",,"9","0","9",
"76","State Senator, Dist 23","12","OF",,"5","0","1","0","0","0","0","24","0","1","(D) SHAFER, Ben","2",,"10","0","10",
"142","State Representative, Dist 3","13","OF",,"0","1","0","0","0","0","0","10","0","3","(L) MARTIN, Austin D. (Shiloh)","1",,"0","7","7",
"142","State Representative, Dist 3","13","OF",,"0","1","0","0","0","0","0","10","0","1","(D) TODD, Christopher L.T.","2",,"0","7","7",
"142","State Representative, Dist 3","13","OF",,"0","1","0","0","0","0","0","10","0","2","(R) WILSON, Kanoa","3",,"8","5","13",
"227","State Representative, Dist 4","14","OF",,"0","0","0","0","0","0","0","8","0","2","(R) HO, Keikilani","1",,"0","0","0",
"227","State Representative, Dist 4","14","OF",,"0","0","0","0","0","0","0","8","0","1","(D) ILAGAN, Greggor","2",,"0","0","0",
"171","State Representative, Dist 5","15","OF",,"6","0","3","0","0","0","0","20","0","2","(L) FOGEL, Frederick F.","1",,"3","0","3",
"171","State Representative, Dist 5","15","OF",,"6","0","3","0","0","0","0","20","0","3","(D) KAPELA, Jeanne","2",,"14","0","14",
"171","State Representative, Dist 5","15","OF",,"6","0","3","0","0","0","0","20","0","1","(R) OYAMA, Ashley","3",,"4","0","4",
"155","State Representative, Dist 6","16","OF",,"0","2","0","0","0","0","0","8","0","2","(D) KAHALOA, Kirstin","1",,"0","9","9",
"155","State Representative, Dist 6","16","OF",,"0","2","0","0","0","0","0","8","0","1","(R) MADISON, Sylvie M.","2",,"0","9","9",
"295","State Representative, Dist 7","17","OF",,"0","0","0","0","0","0","0","14","0","2","(R) DALHOUSE, Timothy A. (Tim)","1",,"7","0","7",
"295","State Representative, Dist 7","17","OF",,"0","0","0","0","0","0","0","14","0","1","(D) LOWEN, Nicole","2",,"1","0","1",
"168","State Representative, Dist 8","18","OF",,"0","0","0","0","0","0","0","8","0","2","(R) PERREIRA, Monique CobbAdams","1",,"0","0","0",
"168","State Representative, Dist 8","18","OF",,"0","0","0","0","0","0","0","8","0","1","(D) TARNAS, David A.","2",,"0","0","0",
"159","State Representative, Dist 11","19","OF",,"0","4","0","0","0","0","0","8","0","1","(R) ACAIN, Aileen R. (Lily)","1",,"0","0","0",
"159","State Representative, Dist 11","19","OF",,"0","4","0","0","0","0","0","8","0","2","(D) AMATO, Terez (T.Amato)","2",,"0","6","6",
"77","State Representative, Dist 12","20","OF",,"0","0","0","0","0","0","0","10","0","1","(R) JOHNSON, Dan","1",,"0","0","0",
"77","State Representative, Dist 12","20","OF",,"0","0","0","0","0","0","0","10","0","2","(G) RYAN, Rita M.","2",,"0","0","0",
"77","State Representative, Dist 12","20","OF",,"0","0","0","0","0","0","0","10","0","3","(D) YAMASHITA, Kyle T.","3",,"3","0","3",
"79","State Representative, Dist 13","21","OF",,"1","0","1","0","0","0","0","18","0","2","(R) ADAM, Scott","1",,"1","3","4",
"79","State Representative, Dist 13","21","OF",,"1","0","1","0","0","0","0","18","0","1","(D) POEPOE, Mahina","2",,"1","7","8",
"187","State Representative, Dist 14","22","OF",,"0","0","0","0","0","0","0","10","0","2","(R) ARMSTRONG, Kelly J.","1",,"0","0","0",
"187","State Representative, Dist 14","22","OF",,"0","0","0","0","0","0","0","10","0","1","(D) COCHRAN, Elle","2",,"0","0","0",
"229","State Representative, Dist 15","23","OF",,"0","1","0","0","0","0","0","10","0","2","(R) MORANZ, David A.","1",,"5","11","16",
"229","State Representative, Dist 15","23","OF",,"0","1","0","0","0","0","0","10","0","1","(D) NAKAMURA, Nadine K.","2",,"3","0","3",
"204","State Representative, Dist 16","24","OF",,"0","0","0","0","0","0","0","10","0","1","(D) EVSLIN, Luke A.","1",,"0","5","5",
"204","State Representative, Dist 16","24","OF",,"0","0","0","0","0","0","0","10","0","2","(R) YODER, Steve","2",,"0","5","5",
"165","State Representative, Dist 17","25","OF",,"2","0","0","0","0","0","0","12","0","2","(R) JAUCH, Michael H.","1",,"2","0","2",
"165","State Representative, Dist 17","25","OF",,"2","0","0","0","0","0","0","12","0","1","(D) MORIKAWA, Daynette (Dee)","2",,"3","0","3",
"158","State Representative, Dist 20","26","OF",,"0","0","0","0","0","0","0","10","0","2","(D) NAKADA GRANDINETTI, Tina","1",,"0","0","0",
"158","State Representative, Dist 20","26","OF",,"0","0","0","0","0","0","0","10","0","1","(R) SOLOMON, Corinne S.","2",,"0","0","0",
"81","State Representative, Dist 21","27","OF",,"0","0","0","0","0","0","0","8","0","2","(D) SAYAMA, Jackson D.","1",,"7","0","7",
"81","State Representative, Dist 21","27","OF",,"0","0","0","0","0","0","0","8","0","1","(R) SEASHELL, Joelle","2",,"18","0","18",
"39","State Representative, Dist 22","28","OF",,"12","0","6","0","0","0","0","10","0","2","(D) GARRETT, Andrew Takuya","1",,"35","0","35",
"39","State Representative, Dist 22","28","OF",,"12","0","6","0","0","0","0","10","0","1","(R) IMAMURA, Jeffrey H.","2",,"17","0","17",
"198","State Representative, Dist 24","29","OF",,"0","0","0","0","0","0","0","8","0","1","(R) ANDERSON, Jillian T.","1",,"0","10","10",
"198","State Representative, Dist 24","29","OF",,"0","0","0","0","0","0","0","8","0","2","(D) TAM, Adrian","2",,"0","0","0",
"250","State Representative, Dist 27","30","OF",,"0","0","0","0","0","0","0","8","0","2","(R) LIM, Margaret U.","1",,"0","0","0",
"250","State Representative, Dist 27","30","OF",,"0","0","0","0","0","0","0","8","0","1","(D) TAKENOUCHI, Jenna","2",,"0","0","0",
"230","State Representative, Dist 29","31","OF",,"0","0","0","0","0","0","0","8","0","2","(D) HUSSEY, Ikaika Lardizabal","1",,"0","0","0",
"230","State Representative, Dist 29","31","OF",,"0","0","0","0","0","0","0","8","0","1","(R) KAAPU, Carole Kauhiwai","2",,"0","0","0",
"228","State Representative, Dist 30","32","OF",,"7","0","0","0","0","0","0","8","0","1","(R) AZINGA, P. M.","1",,"8","0","8",
"228","State Representative, Dist 30","32","OF",,"7","0","0","0","0","0","0","8","0","2","(D) TEMPLO, Shirley Ann Labadan","2",,"10","0","10",
"294","State Representative, Dist 31","33","OF",,"0","0","0","0","0","0","0","8","0","2","(D) ICHIYAMA, Linda","1",,"0","0","0",
"294","State Representative, Dist 31","33","OF",,"0","0","0","0","0","0","0","8","0","1","(R) VALDEZ, Nancy A.","2",,"0","0","0",
"211","State Representative, Dist 32","34","OF",,"0","0","0","0","0","0","0","10","0","2","(D) AIU, Micah Pookela Kim","1",,"0","0","0",
"211","State Representative, Dist 32","34","OF",,"0","0","0","0","0","0","0","10","0","1","(R) SHIMIZU, Garner Musashi","2",,"0","0","0",
"161","State Representative, Dist 34","35","OF",,"0","0","0","0","0","0","0","8","0","2","(R) DUPIO, Gaius, II","1",,"0","0","0",
"161","State Representative, Dist 34","35","OF",,"0","0","0","0","0","0","0","8","0","1","(D) TAKAYAMA, Gregg","2",,"0","0","0",
"86","State Representative, Dist 37","36","OF",,"0","1","0","0","0","0","0","8","0","1","(R) KAAUMOANA, Taylor","1",,"0","5","5",
"86","State Representative, Dist 37","36","OF",,"0","1","0","0","0","0","0","8","0","2","(D) LA CHICA, Trish","2",,"0","4","4",
"146","State Representative, Dist 38","37","OF",,"0","0","0","0","0","0","0","8","0","2","(R) CHEAPE MATSUMOTO, Lauren","1",,"0","0","0",
"146","State Representative, Dist 38","37","OF",,"0","0","0","0","0","0","0","8","0","1","(D) OZAWA, Alexander Kekuanao'a","2",,"0","0","0",
"147","State Representative, Dist 39","38","OF",,"0","0","0","0","0","0","0","12","0","2","(R) PIERICK, Elijah","1",,"15","0","15",
"147","State Representative, Dist 39","38","OF",,"0","0","0","0","0","0","0","12","0","1","(D) ROSENLEE, Corey","2",,"10","0","10",
"87","State Representative, Dist 40","39","OF",,"6","0","2","0","0","0","0","8","0","1","(D) MARTINEZ, Rose","1",,"25","0","25",
"87","State Representative, Dist 40","39","OF",,"6","0","2","0","0","0","0","8","0","3","(R) REYES ODA, Julie","2",,"13","0","13",
"87","State Representative, Dist 40","39","OF",,"6","0","2","0","0","0","0","8","0","2","(W) ULUFANUA, Christian P.","3",,"4","0","4",
"88","State Representative, Dist 41","40","OF",,"3","0","0","0","0","0","0","10","0","1","(R) ALCOS, David A., III","1",,"12","0","12",
"88","State Representative, Dist 41","40","OF",,"3","0","0","0","0","0","0","10","0","2","(D) CLARK, John H., III","2",,"5","0","5",
"216","State Representative, Dist 42","41","OF",,"0","0","0","0","0","0","0","8","0","1","(R) GARCIA, Diamond","1",,"0","10","10",
"216","State Representative, Dist 42","41","OF",,"0","0","0","0","0","0","0","8","0","2","(D) PARIS, Anthony Makana","2",,"0","0","0",
"247","State Representative, Dist 45","42","OF",,"0","0","0","0","0","0","0","8","0","1","(D) DESOTO, Desire Auguste","1",,"0","0","0",
"247","State Representative, Dist 45","42","OF",,"0","0","0","0","0","0","0","8","0","2","(R) MURAOKA, Chris","2",,"0","0","0",
"90","State Representative, Dist 46","43","OF",,"0","0","0","0","0","0","0","14","0","2","(R) GABRIEL, Daniel Michael","1",,"0","0","0",
"90","State Representative, Dist 46","43","OF",,"0","0","0","0","0","0","0","14","0","1","(D) PERRUSO, Amy A.","2",,"0","0","0",
"215","State Representative, Dist 47","44","OF",,"0","0","0","0","0","0","0","8","0","2","(R) AGUIRRE, John W. (Johnny)","1",,"0","0","0",
"215","State Representative, Dist 47","44","OF",,"0","0","0","0","0","0","0","8","0","1","(D) QUINLAN, Sean","2",,"0","0","0",
"92","State Representative, Dist 48","45","OF",,"10","0","0","0","0","0","0","10","0","1","(G) DAILY, Asheemo N. (Koda)","1",,"6","0","6",
"92","State Representative, Dist 48","45","OF",,"10","0","0","0","0","0","0","10","0","2","(D) KITAGAWA, Lisa C.","2",,"9","0","9",
"251","State Representative, Dist 49","46","OF",,"0","0","0","0","0","0","0","12","0","1","(D) MATAYOSHI, Scot","1",,"0","0","0",
"251","State Representative, Dist 49","46","OF",,"0","0","0","0","0","0","0","12","0","2","(R) UBANDO, Josiah (BrahKruz)","2",,"0","0","0",
"66","State Representative, Dist 50","47","OF",,"0","0","0","0","0","0","0","10","0","2","(R) CONNELLY, Timothy D.","1",,"0","0","0",
"66","State Representative, Dist 50","47","OF",,"0","0","0","0","0","0","0","10","0","1","(D) LEE, Mike","2",,"0","0","0",
"286","Molokai Resident Trustee","48","OF",,"78","19","18","0","0","0","0","494","0","1","ALAPA, Luana","1",,"145","54","199",
"286","Molokai Resident Trustee","48","OF",,"78","19","18","0","0","0","0","494","0","2","NIHIPALI, R. Kunani","2",,"116","59","175",
"292","Kauai Resident Trustee","49","OF",,"89","17","15","2","0","0","0","494","0","1","AHUNA, Dan","1",,"121","52","173",
"292","Kauai Resident Trustee","49","OF",,"89","17","15","2","0","0","0","494","0","2","LINDSEY, Laura A.","2",,"132","61","193",
"115","At-Large Trustee","50","OF",,"80","10","16","3","0","0","0","494","0","2","AHU ISA, Lei","1",,"127","62","189",
"115","At-Large Trustee","50","OF",,"80","10","16","3","0","0","0","494","0","1","AKINA, Keli'i","2",,"134","57","191",
"125","Mayor","51","OF",,"7","7","7","0","0","0","0","84","0","1","ALAMEDA, C. Kimo","1",,"39","16","55",
"125","Mayor","51","OF",,"7","7","7","0","0","0","0","84","0","2","ROTH, Mitch","2",,"28","17","45",
"293","Councilmember, Dist 5","52","OF",,"0","0","0","0","0","0","0","10","0","2","KANEALI'I-KLEINFELDER, Matt","1",,"0","0","0",
"293","Councilmember, Dist 5","52","OF",,"0","0","0","0","0","0","0","10","0","1","RODENHURST, Ikaika","2",,"0","0","0",
"288","Councilmember, Dist 9","53","OF",,"0","0","0","0","0","0","0","8","0","1","EVANS, Cindy","1",,"0","0","0",
"288","Councilmember, Dist 9","53","OF",,"0","0","0","0","0","0","0","8","0","2","HUSTACE, James E.","2",,"0","0","0",
"263","Councilmember (East Maui)","54","OF",,"5","0","0","0","0","0","0","68","0","1","SINENCI, Shane","1",,"16","30","46",
"254","Councilmember (West Maui)","55","OF",,"2","1","3","0","0","0","0","68","0","1","ACQUINTAS, Lorien (Lolo)","1",,"7","11","18",
"254","Councilmember (West Maui)","55","OF",,"2","1","3","0","0","0","0","68","0","2","PALTIN, Tamara Akiko Maile","2",,"9","18","27",
"253","Councilmember (Wailuku-Waihee-Waikapu)","56","OF",,"4","0","2","0","0","0","0","68","0","1","FORREST, James (Nahele)","1",,"7","21","28",
"253","Councilmember (Wailuku-Waihee-Waikapu)","56","OF",,"4","0","2","0","0","0","0","68","0","2","LEE, Alice L.","2",,"8","9","17",
"129","Councilmember (Kahului)","57","OF",,"2","0","3","0","0","0","0","68","0","2","KAMA, Tasha","1",,"10","11","21",
"129","Councilmember (Kahului)","57","OF",,"2","0","3","0","0","0","0","68","0","1","KAMEKONA, Carol Lee","2",,"6","19","25",
"130","Councilmember (South Maui)","58","OF",,"4","0","1","0","0","0","0","68","0","2","COOK, Tom","1",,"12","11","23",
"130","Councilmember (South Maui)","58","OF",,"4","0","1","0","0","0","0","68","0","1","KING, Kelly Takaya","2",,"4","19","23",
"131","Councilmember (Makawao-Haiku-Paia)","59","OF",,"2","0","3","0","0","0","0","68","0","2","BOONE, Nara","1",,"5","21","26",
"131","Councilmember (Makawao-Haiku-Paia)","59","OF",,"2","0","3","0","0","0","0","68","0","1","UU-HODGINS, Nohe","2",,"11","9","20",
"132","Councilmember (Upcountry)","60","OF",,"4","0","1","0","0","0","0","68","0","2","CRUZ, Jocelyn N.","1",,"7","21","28",
"132","Councilmember (Upcountry)","60","OF",,"4","0","1","0","0","0","0","68","0","1","SUGIMURA, Yuki Lei Kashiwa","2",,"9","9","18",
"258","Councilmember (Lanai)","61","OF",,"3","0","0","0","0","0","0","68","0","1","JOHNSON, Gabe","1",,"18","30","48",
"282","Councilmember (Molokai)","62","OF",,"4","0","3","0","0","0","0","68","0","2","PELE, John","1",,"11","11","22",
"282","Councilmember (Molokai)","62","OF",,"4","0","3","0","0","0","0","68","0","1","RAWLINS-FERNANDEZ, Keani","2",,"3","19","22",
"136","Councilmember","63","OF",,"48","18","0","1","0","0","0","32","0","12","APILADO, Abe, Jr. (Aba-G)","1",,"2","1","3",
"136","Councilmember","63","OF",,"48","18","0","1","0","0","0","32","0","13","BULOSAN, Addison","2",,"5","6","11",
"136","Councilmember","63","OF",,"48","18","0","1","0","0","0","32","0","2","CARVALHO, Bernard P., Jr.","3",,"4","17","21",
"136","Councilmember","63","OF",,"48","18","0","1","0","0","0","32","0","6","COWDEN, Felicia","4",,"3","4","7",
"136","Councilmember","63","OF",,"48","18","0","1","0","0","0","32","0","7","CUMMINGS, Sherri","5",,"2","6","8",
"136","Councilmember","63","OF",,"48","18","0","1","0","0","0","32","0","10","DECOSTA, Billy D.","6",,"2","16","18",
"136","Councilmember","63","OF",,"48","18","0","1","0","0","0","32","0","8","HOLLAND, Fern Anuenue","7",,"4","5","9",
"136","Councilmember","63","OF",,"48","18","0","1","0","0","0","32","0","9","KAGAWA, Ross","8",,"4","16","20",
"136","Councilmember","63","OF",,"48","18","0","1","0","0","0","32","0","11","KANESHIRO, Arryl J.","9",,"7","15","22",
"136","Councilmember","63","OF",,"48","18","0","1","0","0","0","32","0","5","KEAHIOLALO, W. Butch","10",,"3","16","19",
"136","Councilmember","63","OF",,"48","18","0","1","0","0","0","32","0","3","KUALII, KipuKai","11",,"4","15","19",
"136","Councilmember","63","OF",,"48","18","0","1","0","0","0","32","0","14","NELSON, Jacquelyn (Jakki)","12",,"2","4","6",
"136","Councilmember","63","OF",,"48","18","0","1","0","0","0","32","0","1","RAPOZO, Mel","13",,"10","5","15",
"136","Councilmember","63","OF",,"48","18","0","1","0","0","0","32","0","4","THOMAS, Bart","14",,"5","3","8",
"297","Question #1","64","MS",,"39","9","15","0","0","0","0","494","0","2","YES","1",,"190","71","261",
"297","Question #1","64","MS",,"39","9","15","0","0","0","0","494","0","1","NO","2",,"113","52","165",
"296","Question #2","65","MS",,"45","10","20","0","0","0","0","494","0","2","YES","1",,"169","80","249",
"296","Question #2","65","MS",,"45","10","20","0","0","0","0","494","0","1","NO","2",,"123","42","165",
"301","1. Hawai'i: County Council Vacancy in Office","66","MS",,"9","2","4","0","0","0","0","84","0","2","YES","1",,"39","19","58",
"301","1. Hawai'i: County Council Vacancy in Office","66","MS",,"9","2","4","0","0","0","0","84","0","1","NO","2",,"29","19","48",
"310","2. Hawai'i: Mayoral Appointment of Department Heads","67","MS",,"7","4","4","0","0","0","0","84","0","2","YES","1",,"43","19","62",
"310","2. Hawai'i: Mayoral Appointment of Department Heads","67","MS",,"7","4","4","0","0","0","0","84","0","1","NO","2",,"27","17","44",
"302","3. Hawai'i: Term of Office for the Cost of Government Commission","68","MS",,"7","3","4","0","0","0","0","84","0","1","YES","1",,"37","19","56",
"302","3. Hawai'i: Term of Office for the Cost of Government Commission","68","MS",,"7","3","4","0","0","0","0","84","0","2","NO","2",,"33","18","51",
"312","Maui: Salary Commission","69","MS",,"3","1","0","0","0","0","0","68","0","2","YES","1",,"7","19","26",
"312","Maui: Salary Commission","69","MS",,"3","1","0","0","0","0","0","68","0","1","NO","2",,"11","10","21",
"308","Maui: Independent Staffing for Board of Ethics","70","MS",,"4","1","2","0","0","0","0","68","0","1","YES","1",,"6","19","25",
"308","Maui: Independent Staffing for Board of Ethics","70","MS",,"4","1","2","0","0","0","0","68","0","2","NO","2",,"9","10","19",
"298","Maui: Board and Commission Terms","71","MS",,"2","1","1","0","0","0","0","68","0","1","YES","1",,"7","19","26",
"298","Maui: Board and Commission Terms","71","MS",,"2","1","1","0","0","0","0","68","0","2","NO","2",,"11","10","21",
"299","Relating to Police Commission Investigations.","72","MS",,"3","1","0","0","0","0","0","32","0","1","YES","1",,"10","14","24",
"299","Relating to Police Commission Investigations.","72","MS",,"3","1","0","0","0","0","0","32","0","2","NO","2",,"2","7","9",
"309","Relating to Cost Control Commission Reports.","73","MS",,"3","1","0","0","0","0","0","32","0","1","YES","1",,"8","14","22",
"309","Relating to Cost Control Commission Reports.","73","MS",,"3","1","0","0","0","0","0","32","0","2","NO","2",,"4","7","11",
"305","Relating to the Public Access, Open Space & Natural Resources Preservation Fund.","74","MS",,"2","1","1","0","0","0","0","32","0","2","YES","1",,"9","17","26",
"305","Relating to the Public Access, Open Space & Natural Resources Preservation Fund.","74","MS",,"2","1","1","0","0","0","0","32","0","1","NO","2",,"3","4","7",
"307","Relating to Surety Bonds.","75","MS",,"2","1","0","0","0","0","0","32","0","2","YES","1",,"8","13","21",
"307","Relating to Surety Bonds.","75","MS",,"2","1","0","0","0","0","0","32","0","1","NO","2",,"5","8","13",
"300","Relating to Ex-officio Youth Position on County Boards and Commissions.","76","MS",,"3","2","0","0","0","0","0","32","0","1","YES","1",,"9","15","24",
"300","Relating to Ex-officio Youth Position on County Boards and Commissions.","76","MS",,"3","2","0","0","0","0","0","32","0","2","NO","2",,"3","5","8",
"313","Charter Question #1","77","MS",,"25","4","8","0","0","0","0","308","0","1","YES","1",,"122","10","132",
"313","Charter Question #1","77","MS",,"25","4","8","0","0","0","0","308","0","2","NO","2",,"85","26","111",
"306","Charter Question #2","78","MS",,"20","3","9","0","0","0","0","308","0","1","YES","1",,"115","28","143",
"306","Charter Question #2","78","MS",,"20","3","9","0","0","0","0","308","0","2","NO","2",,"96","9","105",
"303","Charter Question #3","79","MS",,"29","4","7","0","0","0","0","308","0","1","YES","1",,"121","27","148",
"303","Charter Question #3","79","MS",,"29","4","7","0","0","0","0","308","0","2","NO","2",,"83","9","92",
"314","Charter Question #4","80","MS",,"23","4","8","1","0","0","0","308","0","1","YES","1",,"112","27","139",
"314","Charter Question #4","80","MS",,"23","4","8","1","0","0","0","308","0","2","NO","2",,"97","8","105",
